﻿pos_x,pos_y,rotation,side,designator,mpn,pack,footprint,value,mount_type
126.05,-79.18,180.0,top,D1,,,D_SOD-110,1N4148,smt
164.0,-79.99,0.0,top,D2,,,D_SOD-110,1N4148,smt
164.44,-122.6,0.0,top,D3,,,D_SOD-110,1N4148,smt
125.2,-122.65,0.0,top,D4,,,D_SOD-110,1N4148,smt
143.75,-138.57,0.0,top,J1,,,JST_EH_B2B-EH-A_1x02_P2.50mm_Vertical,Conn_01x02_Pin,tht
164.2,-72.17,-90.0,top,J2,,,JST_PH_B2B-PH-K_1x02_P2.00mm_Vertical,M2,tht
126.9,-72.17,-90.0,top,J3,,,JST_PH_B2B-PH-K_1x02_P2.00mm_Vertical,M1,tht
164.28,-127.26,-90.0,top,J4,,,JST_PH_B2B-PH-K_1x02_P2.00mm_Vertical,M3,tht
126.99,-127.26,-90.0,top,J5,,,JST_PH_B2B-PH-K_1x02_P2.00mm_Vertical,M4,tht
126.19,-97.9,-90.0,top,J6,,,FanPinHeader_1x04_P2.54mm_Vertical,I2C,tht
163.81,-99.4,90.0,top,J7,,,FanPinHeader_1x04_P2.54mm_Vertical,TXD0/RXD0,tht
163.81,-112.26,90.0,top,J8,,,FanPinHeader_1x04_P2.54mm_Vertical,I2C,tht
124.0525,-83.79,180.0,top,Q1,,,SOT-23,SI2300,smt
165.9125,-84.62,0.0,top,Q2,,,SOT-23,SI2300,smt
165.7525,-117.9,0.0,top,Q3,,,SOT-23,SI2300,smt
125.1325,-118.19,180.0,top,Q4,,,SOT-23,SI2300,smt
128.54,-83.69,90.0,top,R1,,,R_0805_2012Metric_Pad1.20x1.40mm_HandSolder,10K,smt
161.65,-84.32,-90.0,top,R2,,,R_0805_2012Metric_Pad1.20x1.40mm_HandSolder,10K,smt
161.19,-118.1,-90.0,top,R3,,,R_0805_2012Metric_Pad1.20x1.40mm_HandSolder,10K,smt
129.77,-118.34,90.0,top,R4,,,R_0805_2012Metric_Pad1.20x1.40mm_HandSolder,10K,smt
145.26754,-85.990187,-90.0,top,U2,,,ESP32_30pin,ESP32 Dev Kit,tht
132.14,-136.08,90.0,top,U3,,,MPU-9250-6500,MPU9250/6500,tht
